{
  "__type__": "cc.AnimationClip",
  "_name": "logo",
  "_objFlags": 0,
  "_native": "",
  "_duration": 1.0166666666666666,
  "sample": 60,
  "speed": 3,
  "wrapMode": "2",
  "curveData": {
    "props": {
      "scale": [
        {
          "frame": 0,
          "value": {
            "__type__": "cc.Vec2",
            "x": 1,
            "y": 1
          }
        },
        {
          "frame": 0.5,
          "value": {
            "__type__": "cc.Vec2",
            "x": 0.5,
            "y": 0.5
          }
        },
        {
          "frame": 1,
          "value": {
            "__type__": "cc.Vec2",
            "x": 1,
            "y": 1
          }
        },
        {
          "frame": 1.0166666666666666,
          "value": {
            "__type__": "cc.Vec2",
            "x": 1,
            "y": 1
          }
        }
      ]
    }
  },
  "events": []
}