{
  "__type__": "cc.AnimationClip",
  "_name": "bird",
  "_objFlags": 0,
  "_native": "",
  "_duration": 0.18333333333333332,
  "sample": 60,
  "speed": 1,
  "wrapMode": "2",
  "curveData": {
    "comps": {
      "cc.Sprite": {
        "spriteFrame": [
          {
            "frame": 0,
            "value": {
              "__uuid__": "26f1cbf4-2690-49f1-9e07-f6181f510d40"
            }
          },
          {
            "frame": 0.08333333333333333,
            "value": {
              "__uuid__": "b6bdf813-cca9-4288-b0cf-ba04f88e6d09"
            }
          },
          {
            "frame": 0.16666666666666666,
            "value": {
              "__uuid__": "20436077-7eac-49bf-8bc5-d5b3509756b8"
            }
          }
        ]
      }
    }
  },
  "events": []
}