{
  "f8e6b000-5643-4b86-9080-aa680ce1f599": {
    "asset": 1581914726510,
    "meta": 1546827718000,
    "relativePath": "image"
  },
  "e851e89b-faa2-4484-bea6-5c01dd9f06e2": {
    "asset": 1546827718000,
    "meta": 1591750039794,
    "relativePath": "image\\default_btn_normal.png"
  },
  "71561142-4c83-4933-afca-cb7a17f67053": {
    "asset": 1546827718000,
    "meta": 1591750039811,
    "relativePath": "image\\default_btn_disabled.png"
  },
  "b43ff3c2-02bb-4874-81f7-f2dea6970f18": {
    "asset": 1546827718000,
    "meta": 1591750039839,
    "relativePath": "image\\default_btn_pressed.png"
  },
  "edd215b9-2796-4a05-aaf5-81f96c9281ce": {
    "asset": 1546827718000,
    "meta": 1591750039870,
    "relativePath": "image\\default_editbox_bg.png"
  },
  "d81ec8ad-247c-4e62-aa3c-d35c4193c7af": {
    "asset": 1546827718000,
    "meta": 1591750039886,
    "relativePath": "image\\default_panel.png"
  },
  "99170b0b-d210-46f1-b213-7d9e3f23098a": {
    "asset": 1546827718000,
    "meta": 1591750039933,
    "relativePath": "image\\default_progressbar_bg.png"
  },
  "cfef78f1-c8df-49b7-8ed0-4c953ace2621": {
    "asset": 1546827718000,
    "meta": 1591750039948,
    "relativePath": "image\\default_progressbar.png"
  },
  "9d60001f-b5f4-4726-a629-2659e3ded0b8": {
    "asset": 1546827718000,
    "meta": 1591750040026,
    "relativePath": "image\\default_radio_button_on.png"
  },
  "567dcd80-8bf4-4535-8a5a-313f1caf078a": {
    "asset": 1546827718000,
    "meta": 1591750040042,
    "relativePath": "image\\default_radio_button_off.png"
  },
  "4bab67cb-18e6-4099-b840-355f0473f890": {
    "asset": 1546827718000,
    "meta": 1591750040061,
    "relativePath": "image\\default_scrollbar_bg.png"
  },
  "617323dd-11f4-4dd3-8eec-0caf6b3b45b9": {
    "asset": 1546827718000,
    "meta": 1591750040092,
    "relativePath": "image\\default_scrollbar_vertical_bg.png"
  },
  "d6d3ca85-4681-47c1-b5dd-d036a9d39ea2": {
    "asset": 1546827718000,
    "meta": 1591750040092,
    "relativePath": "image\\default_scrollbar_vertical.png"
  },
  "0291c134-b3da-4098-b7b5-e397edbe947f": {
    "asset": 1546827718000,
    "meta": 1591750040108,
    "relativePath": "image\\default_scrollbar.png"
  },
  "0275e94c-56a7-410f-bd1a-fc7483f7d14a": {
    "asset": 1546827718000,
    "meta": 1591750040124,
    "relativePath": "image\\default_sprite_splash.png"
  },
  "6e056173-d285-473c-b206-40a7fff5386e": {
    "asset": 1546827718000,
    "meta": 1591750040161,
    "relativePath": "image\\default_sprite.png"
  },
  "73a0903d-d80e-4e3c-aa67-f999543c08f5": {
    "asset": 1546827718000,
    "meta": 1591750040193,
    "relativePath": "image\\default_toggle_checkmark.png"
  },
  "c25b9d50-c8fc-4d27-beeb-6e7c1f2e5c0f": {
    "asset": 1546827718000,
    "meta": 1591750040224,
    "relativePath": "image\\default_toggle_disabled.png"
  },
  "d29077ba-1627-4a72-9579-7b56a235340c": {
    "asset": 1546827718000,
    "meta": 1591750040240,
    "relativePath": "image\\default_toggle_normal.png"
  },
  "fc09f9bd-2cce-4605-b630-8145ef809ed6": {
    "asset": 1581914672609,
    "meta": 1546827718000,
    "relativePath": "misc"
  },
  "b181c1e4-0a72-4a91-bfb0-ae6f36ca60bd": {
    "asset": 1546827718000,
    "meta": 1591750040277,
    "relativePath": "image\\default_toggle_pressed.png"
  },
  "f6e6dd15-71d1-4ffe-ace7-24fd39942c05": {
    "asset": 1581914726862,
    "meta": 1546827718000,
    "relativePath": "obsolete"
  },
  "2be36297-9abb-4fee-8049-9ed5e271da8a": {
    "asset": 1546827718000,
    "meta": 1591750040293,
    "relativePath": "misc\\default_video.mp4"
  },
  "f743d2b6-b7ea-4c14-a55b-547ed4d0a045": {
    "asset": 1581914726876,
    "meta": 1546827718000,
    "relativePath": "particle"
  },
  "b8223619-7e38-47c4-841f-9160c232495a": {
    "asset": 1546827718000,
    "meta": 1591750040789,
    "relativePath": "obsolete\\atom.plist"
  },
  "b2687ac4-099e-403c-a192-ff477686f4f5": {
    "asset": 1546827718000,
    "meta": 1591750040789,
    "relativePath": "particle\\atom.plist"
  },
  "8a96b965-2dc0-4e03-aa90-3b79cb93b5b4": {
    "asset": 1546827718000,
    "meta": 1591750040324,
    "relativePath": "obsolete\\atom.png"
  },
  "ae6c6c98-11e4-452f-8758-75f5c6a56e83": {
    "asset": 1581914726527,
    "meta": 1546827718000,
    "relativePath": "prefab"
  },
  "d0a82d39-bede-46c4-b698-c81ff0dedfff": {
    "asset": 1546827718000,
    "meta": 1591750040340,
    "relativePath": "particle\\atom.png"
  },
  "972b9a4d-47ee-4c74-b5c3-61d8a69bc29f": {
    "asset": 1546827718000,
    "meta": 1591750040362,
    "relativePath": "prefab\\button.prefab"
  },
  "2c937608-2562-40ea-b264-7395df6f0cea": {
    "asset": 1546827718000,
    "meta": 1591750040378,
    "relativePath": "prefab\\canvas.prefab"
  },
  "61aeb05b-3b32-452b-8eed-2b76deeed554": {
    "asset": 1546827718000,
    "meta": 1591750040393,
    "relativePath": "prefab\\editbox.prefab"
  },
  "27756ebb-3d33-44b0-9b96-e858fadd4dd4": {
    "asset": 1546827718000,
    "meta": 1591750040409,
    "relativePath": "prefab\\label.prefab"
  },
  "785a442c-3ceb-45be-a46e-7317f625f3b9": {
    "asset": 1546827718000,
    "meta": 1591750040424,
    "relativePath": "prefab\\layout.prefab"
  },
  "ca8401fe-ad6e-41a8-bd46-8e3e4e9945be": {
    "asset": 1546827718000,
    "meta": 1591750040456,
    "relativePath": "prefab\\pageview.prefab"
  },
  "cd33edea-55f5-46c2-958d-357a01384a36": {
    "asset": 1546827718000,
    "meta": 1591750040464,
    "relativePath": "prefab\\particlesystem.prefab"
  },
  "5965ffac-69da-4b55-bcde-9225d0613c28": {
    "asset": 1546827718000,
    "meta": 1591750040485,
    "relativePath": "prefab\\progressBar.prefab"
  },
  "4a37dd57-78cd-4cec-aad4-f11a73d12b63": {
    "asset": 1546827718000,
    "meta": 1591750040495,
    "relativePath": "prefab\\richtext.prefab"
  },
  "32044bd2-481f-4cf1-a656-e2b2fb1594eb": {
    "asset": 1546827718000,
    "meta": 1591750040515,
    "relativePath": "prefab\\scrollview.prefab"
  },
  "0004d1cf-a0ad-47d8-ab17-34d3db9d35a3": {
    "asset": 1546827718000,
    "meta": 1591750040525,
    "relativePath": "prefab\\slider.prefab"
  },
  "96083d03-c332-4a3f-9386-d03e2d19e8ee": {
    "asset": 1546827718000,
    "meta": 1591750040586,
    "relativePath": "prefab\\sprite.prefab"
  },
  "1f55e3be-b89b-4b79-88de-47fd31018044": {
    "asset": 1546827718000,
    "meta": 1591750040586,
    "relativePath": "prefab\\sprite_splash.prefab"
  },
  "7de03a80-4457-438d-95a7-3e7cdffd6086": {
    "asset": 1546827718000,
    "meta": 1591750040607,
    "relativePath": "prefab\\tiledmap.prefab"
  },
  "0e42ba95-1fa1-46aa-b2cf-143cd1bcee2c": {
    "asset": 1546827718000,
    "meta": 1591750040617,
    "relativePath": "prefab\\tiledtile.prefab"
  },
  "0d784963-d024-4ea6-a7db-03be0ad63010": {
    "asset": 1546827718000,
    "meta": 1591750040635,
    "relativePath": "prefab\\toggle.prefab"
  },
  "bf0a434c-84dd-4a8e-a08a-7a36f180cc75": {
    "asset": 1546827718000,
    "meta": 1591750040658,
    "relativePath": "prefab\\toggleContainer.prefab"
  },
  "d1b8be49-b0a0-435c-83b7-552bed4bbe35": {
    "asset": 1546827718000,
    "meta": 1591750040669,
    "relativePath": "prefab\\toggleGroup.prefab"
  },
  "232d2782-c4bd-4bb4-9e01-909f03d6d3b9": {
    "asset": 1546827718000,
    "meta": 1591750040691,
    "relativePath": "prefab\\videoplayer.prefab"
  },
  "8c5001fd-07ee-4a4b-a8a0-63e15195e94d": {
    "asset": 1546827718000,
    "meta": 1591750040700,
    "relativePath": "prefab\\webview.prefab"
  },
  "ba21d5d4-1109-4ea6-8a7c-b3f0daff1936": {
    "asset": 1591779034944,
    "meta": 1591779034988,
    "relativePath": "Scene\\1705220125_wangrui_flappy.fire"
  },
  "1d80103c-28a0-48db-8a93-ad10fd75ff9d": {
    "asset": 1591754556367,
    "meta": 1591750265361,
    "relativePath": "Anim"
  },
  "42a11c7c-6949-430b-a8cd-07caa3f5d350": {
    "asset": 1591750116443,
    "meta": 1591750265370,
    "relativePath": "Font"
  },
  "de9ab5d1-33da-45bd-8786-d7cf357e624c": {
    "asset": 1456644754000,
    "meta": 1591750265996,
    "relativePath": "Font\\mikado_outline_shadow.fnt"
  },
  "99da1f22-4209-41b1-8a29-e689028ee2eb": {
    "asset": 1591750594690,
    "meta": 1591750265383,
    "relativePath": "Prefabs"
  },
  "01380fcc-d1a7-45b2-93c0-6f7ad85280aa": {
    "asset": 1591750250741,
    "meta": 1591750250694,
    "relativePath": "Scene"
  },
  "d10315dd-89f5-4906-97e3-99490cab8c06": {
    "asset": 1591750116478,
    "meta": 1591750265403,
    "relativePath": "Sounds"
  },
  "c5741f2f-d332-40e5-aaca-760e25c2c6b9": {
    "asset": 1456644754000,
    "meta": 1591750265575,
    "relativePath": "Sounds\\jump.mp3"
  },
  "35fb013a-b5a7-4a52-9d5b-afb429c68d9f": {
    "asset": 1591753937852,
    "meta": 1591750265413,
    "relativePath": "Texture"
  },
  "fde29882-529b-41b1-ad54-db4a9362013d": {
    "asset": 1456644754000,
    "meta": 1591750265715,
    "relativePath": "Texture\\Background.png"
  },
  "7cdf4ad7-0db1-4fd2-a66c-2c6ab639e7e0": {
    "asset": 1456644754000,
    "meta": 1591750265747,
    "relativePath": "Font\\mikado_outline_shadow.png"
  },
  "0f4e0691-c2ab-4c05-9abe-6e9d0d2ebdba": {
    "asset": 1456644754000,
    "meta": 1591750265778,
    "relativePath": "Texture\\btnPlay.png"
  },
  "da9e8516-64e1-463e-9f0b-c6875cb3478c": {
    "asset": 1456644754000,
    "meta": 1591750265793,
    "relativePath": "Texture\\btnScore.png"
  },
  "4a57dcd5-87d2-4f33-9c7a-28acbe8040f7": {
    "asset": 1456644754000,
    "meta": 1591750265809,
    "relativePath": "Texture\\Flay1.png"
  },
  "18f3dcec-777d-4d32-b0ee-c087364768e2": {
    "asset": 1456644754000,
    "meta": 1591750265809,
    "relativePath": "Texture\\Flay2.png"
  },
  "ef1b08de-330d-49d5-ad29-93a8676ff6db": {
    "asset": 1456644754000,
    "meta": 1591750265856,
    "relativePath": "Texture\\Flay3.png"
  },
  "c1b814f6-0096-4b71-b8ee-4d3f95893460": {
    "asset": 1456644754000,
    "meta": 1591750265872,
    "relativePath": "Texture\\ground.png"
  },
  "7ec4c29f-4ac5-43cb-b1fa-9d72639d8965": {
    "asset": 1456644754000,
    "meta": 1591750265934,
    "relativePath": "Texture\\Logo.png"
  },
  "bdca6636-4dd0-435f-b231-c186c31146c7": {
    "asset": 1456644754000,
    "meta": 1591750265950,
    "relativePath": "Texture\\pipeDown.png"
  },
  "281526e9-6d37-46c9-a417-78128811e7f6": {
    "asset": 1456644754000,
    "meta": 1591750265981,
    "relativePath": "Texture\\pipeUp.png"
  },
  "1371d96c-b542-4424-99a1-5be918b9fd3e": {
    "asset": 1591754960781,
    "meta": 1591754960810,
    "relativePath": "Prefabs\\pipeUp.prefab"
  },
  "e3d5dbcd-4ce0-44ba-9640-eabfd220e20b": {
    "asset": 1591754955046,
    "meta": 1591754955090,
    "relativePath": "Prefabs\\pipeDown.prefab"
  },
  "544fd0e0-45da-4810-a5c3-699a8c3dab35": {
    "asset": 1591750712597,
    "meta": 1591750712617,
    "relativePath": "Anim\\bird.anim"
  },
  "bab49a9c-3d5e-4e93-826f-34c0a89f5926": {
    "asset": 1591753394873,
    "meta": 1591754936074,
    "relativePath": "Scripts"
  },
  "4a8a883c-7c89-4b49-9e71-a1159ce18465": {
    "asset": 1591752929590,
    "meta": 1591752930993,
    "relativePath": "Scripts\\Background.js"
  },
  "fc122a93-a108-41ca-bf24-6a0d358754f7": {
    "asset": 1591753061816,
    "meta": 1591753215783,
    "relativePath": "Scripts\\Pipe.js"
  },
  "b1133424-3f53-439f-bf4f-78bf30b9425e": {
    "asset": 1591947813842,
    "meta": 1591753938011,
    "relativePath": "Texture\\goback.png"
  },
  "ad0e553e-8bdf-4bc1-83a3-803f0d7678ce": {
    "asset": 1591754666404,
    "meta": 1591754666535,
    "relativePath": "Anim\\logo.anim"
  },
  "e4361e08-c552-42a7-a639-5f15549f5076": {
    "asset": 1591754772970,
    "meta": 1591754774467,
    "relativePath": "Scripts\\Bird.js"
  },
  "1f3312a1-c3c6-4f52-9152-828dd8f79b70": {
    "asset": 1591755475554,
    "meta": 1591755478218,
    "relativePath": "Scripts\\Constant.js"
  },
  "be41f39f-87c0-460d-9cae-2485d613c3aa": {
    "asset": 1591755467079,
    "meta": 1591755478228,
    "relativePath": "Scripts\\Game.js"
  },
  "66102e76-f180-495c-997c-6159fd3e2307": {
    "asset": 1591755451110,
    "meta": 1591755478248,
    "relativePath": "Scripts\\Storage.js"
  }
}